"127.0.0.1";"C";"31";"1"
"127.0.0.1";"C";"31";"10"
"127.0.0.1";"C";"31";"2"
"127.0.0.1";"C";"31";"3"
"127.0.0.1";"C";"31";"4"
"127.0.0.1";"C";"31";"5"
"127.0.0.1";"C";"31";"6"
"127.0.0.1";"C";"31";"7"
"127.0.0.1";"C";"31";"8"
"127.0.0.1";"C";"31";"9"
"Abora";"C";"26";"1"
"Abora";"C";"26";"2"
"ÆClan";"A";"18";"11"
"ÆClan";"A";"18";"12"
"ÆClan";"A";"18";"13"
"ÆClan";"A";"18";"14"
"ÆClan";"A";"18";"15"
"ÆClan";"A";"18";"16"
"Aequor Gaming";"B";"9";"10"
"Aequor Gaming";"B";"9";"6"
"Aequor Gaming";"B";"9";"7"
"Aequor Gaming";"B";"9";"8"
"Aequor Gaming";"B";"9";"9"
"Agentes de CHILL";"D";"10";"10"
"Agentes de CHILL";"D";"10";"11"
"Agentes de CHILL";"D";"10";"12"
"Agentes de CHILL";"D";"10";"13"
"Agentes de CHILL";"D";"10";"14"
"Agentes de CHILL";"D";"10";"15"
"Agentes de CHILL";"D";"10";"16"
"Agentes de CHILL";"D";"10";"6"
"Agentes de CHILL";"D";"10";"7"
"Agentes de CHILL";"D";"10";"8"
"Agentes de CHILL";"D";"10";"9"
"Agentes de CHILL";"D";"11";"10"
"Agentes de CHILL";"D";"11";"11"
"Agentes de CHILL";"D";"11";"12"
"Agentes de CHILL";"D";"11";"13"
"Agentes de CHILL";"D";"11";"14"
"Agentes de CHILL";"D";"11";"15"
"Agentes de CHILL";"D";"11";"16"
"ALCHEMIST";"B";"8";"10"
"ALCHEMIST";"B";"8";"8"
"ALCHEMIST";"B";"8";"9"
"Alepe";"D";"2";"1"
"AllenDwalker";"D";"2";"2"
"alone";"C";"5";"1"
"Alonegir";"D";"37";"10"
"Alonegir";"D";"37";"11"
"Alonegir";"D";"37";"12"
"Alonegir";"D";"37";"9"
"amigos grande";"C";"37";"7"
"amigos grande";"C";"37";"8"
"ASTRO TEAM";"A";"2";"15"
"ASTRO TEAM";"A";"2";"16"
"Avalancha";"C";"2";"10"
"Avalancha";"C";"2";"6"
"Avalancha";"C";"2";"7"
"Avalancha";"C";"2";"8"
"Avalancha";"C";"2";"9"
"Bachateros";"D";"24";"1"
"Bachateros";"D";"24";"10"
"Bachateros";"D";"24";"11"
"Bachateros";"D";"24";"12"
"Bachateros";"D";"24";"13"
"Bachateros";"D";"24";"14"
"Bachateros";"D";"24";"15"
"Bachateros";"D";"24";"16"
"Bachateros";"D";"24";"2"
"Bachateros";"D";"24";"3"
"Bachateros";"D";"24";"4"
"Bachateros";"D";"24";"5"
"Bachateros";"D";"24";"6"
"Bachateros";"D";"24";"7"
"Bachateros";"D";"24";"8"
"Bachateros";"D";"24";"9"
"Bachateros";"D";"25";"10"
"Bachateros";"D";"25";"11"
"Bachateros";"D";"25";"12"
"Bachateros";"D";"25";"13"
"Bachateros";"D";"25";"14"
"Bachateros";"D";"25";"15"
"Bachateros";"D";"25";"16"
"Bachateros";"D";"25";"6"
"Bachateros";"D";"25";"7"
"Bachateros";"D";"25";"8"
"Bachateros";"D";"25";"9"
"Bajacorro";"C";"2";"1"
"Bajacorro";"C";"2";"2"
"Bajacorro";"C";"2";"3"
"Bajacorro";"C";"2";"4"
"Bajacorro";"C";"2";"5"
"Bamboo Lovers";"D";"25";"1"
"Bamboo Lovers";"D";"25";"2"
"Bamboo Lovers";"D";"25";"3"
"Bamboo Lovers";"D";"25";"4"
"Bamboo Lovers";"D";"25";"5"
"Bamboo Lovers";"D";"26";"1"
"Bamboo Lovers";"D";"26";"2"
"Bamboo Lovers";"D";"26";"3"
"Bamboo Lovers";"D";"26";"4"
"Bamboo Lovers";"D";"26";"5"
"Bamboo Lovers";"D";"26";"6"
"Bastardos del Muro";"A";"12";"10"
"Bastardos del Muro";"A";"12";"11"
"Bastardos del Muro";"A";"12";"12"
"Bastardos del Muro";"A";"12";"13"
"Bastardos del Muro";"A";"12";"14"
"Bastardos del Muro";"A";"12";"15"
"Bastardos del Muro";"A";"12";"16"
"Belfor";"D";"2";"4"
"BlessedSantitoSergio";"C";"37";"10"
"BlessedSantitoSergio";"C";"37";"9"
"Bubangos del Sur";"A";"32";"1"
"Bubangos del Sur";"A";"32";"10"
"Bubangos del Sur";"A";"32";"11"
"Bubangos del Sur";"A";"32";"12"
"Bubangos del Sur";"A";"32";"13"
"Bubangos del Sur";"A";"32";"14"
"Bubangos del Sur";"A";"32";"15"
"Bubangos del Sur";"A";"32";"2"
"Bubangos del Sur";"A";"32";"3"
"Bubangos del Sur";"A";"32";"4"
"Bubangos del Sur";"A";"32";"5"
"Bubangos del Sur";"A";"32";"6"
"Bubangos del Sur";"A";"32";"7"
"Bubangos del Sur";"A";"32";"8"
"Bubangos del Sur";"A";"32";"9"
"BubangosInfernales";"B";"13";"1"
"BubangosInfernales";"B";"13";"2"
"BubangosInfernales";"B";"13";"3"
"BubangosInfernales";"B";"13";"4"
"BubangosInfernales";"B";"13";"5"
"BubangosInfernales";"B";"13";"6"
"BubangosInfernales";"B";"13";"7"
"BubangosInfernales";"B";"13";"8"
"Canary Crew";"C";"6";"1"
"Canary Crew";"C";"6";"2"
"Canary Crew";"C";"6";"3"
"Canary Storm";"D";"38";"13"
"Canary Storm";"D";"38";"14"
"Carlver";"D";"2";"3"
"CasaWela";"A";"33";"1"
"CasaWela";"A";"33";"10"
"CasaWela";"A";"33";"11"
"CasaWela";"A";"33";"12"
"CasaWela";"A";"33";"13"
"CasaWela";"A";"33";"14"
"CasaWela";"A";"33";"15"
"CasaWela";"A";"33";"16"
"CasaWela";"A";"33";"2"
"CasaWela";"A";"33";"3"
"CasaWela";"A";"33";"4"
"CasaWela";"A";"33";"5"
"CasaWela";"A";"33";"6"
"CasaWela";"A";"33";"7"
"CasaWela";"A";"33";"8"
"CasaWela";"A";"33";"9"
"CDB";"D";"37";"13"
"CDB";"D";"37";"14"
"CDB";"D";"37";"15"
"CDB";"D";"37";"16"
"Cepsa";"A";"3";"15"
"Cepsa";"A";"3";"16"
"Chachalacos";"A";"10";"15"
"Chachalacos";"A";"10";"16"
"Challenger Life";"A";"34";"10"
"Challenger Life";"A";"34";"6"
"Challenger Life";"A";"34";"7"
"Challenger Life";"A";"34";"8"
"Challenger Life";"A";"34";"9"
"Chola Justiciera";"D";"19";"10"
"Chola Justiciera";"D";"19";"11"
"Chola Justiciera";"D";"19";"12"
"Chola Justiciera";"D";"19";"13"
"Chola Justiciera";"D";"19";"14"
"Chola Justiciera";"D";"19";"9"
"Clan White Tigers";"D";"11";"1"
"Clan White Tigers";"D";"11";"2"
"Clan White Tigers";"D";"11";"3"
"Clan White Tigers";"D";"11";"4"
"Clan White Tigers";"D";"11";"5"
"Clan White Tigers";"D";"11";"6"
"Clan White Tigers";"D";"11";"7"
"Clan White Tigers";"D";"11";"8"
"Clan White Tigers";"D";"11";"9"
"Clan White Tigers";"D";"12";"1"
"Clan White Tigers";"D";"12";"2"
"Clan White Tigers";"D";"12";"3"
"Clan White Tigers";"D";"12";"4"
"Clan White Tigers";"D";"12";"5"
"Clan White Tigers";"D";"12";"6"
"Clan White Tigers";"D";"12";"7"
"CLAT";"B";"6";"1"
"CLAT";"B";"6";"2"
"CLAT";"B";"6";"3"
"CLAT";"B";"6";"4"
"CLAT";"B";"6";"5"
"CLAT";"B";"6";"6"
"CLAT";"B";"6";"7"
"CleanTeam";"A";"39";"1"
"CleanTeam";"A";"39";"2"
"CleanTeam";"A";"39";"3"
"CleanTeam";"A";"39";"4"
"Club del Debate";"D";"23";"1"
"Club del Debate";"D";"23";"10"
"Club del Debate";"D";"23";"11"
"Club del Debate";"D";"23";"12"
"Club del Debate";"D";"23";"13"
"Club del Debate";"D";"23";"14"
"Club del Debate";"D";"23";"15"
"Club del Debate";"D";"23";"16"
"Club del Debate";"D";"23";"2"
"Club del Debate";"D";"23";"3"
"Club del Debate";"D";"23";"4"
"Club del Debate";"D";"23";"5"
"Club del Debate";"D";"23";"6"
"Club del Debate";"D";"23";"7"
"Club del Debate";"D";"23";"8"
"Club del Debate";"D";"23";"9"
"CoLpO";"D";"2";"5"
"Conductismo Radical";"C";"3";"7"
"Conductismo Radical";"C";"3";"8"
"Cotufas son Roscas";"D";"36";"12"
"Cotufas son Roscas";"D";"36";"13"
"Cotufas son Roscas";"D";"36";"14"
"Cotufas son Roscas";"D";"36";"15"
"Cotufas son Roscas";"D";"36";"16"
"Crew";"D";"4";"1"
"Crew";"D";"4";"10"
"Crew";"D";"4";"11"
"Crew";"D";"4";"12"
"Crew";"D";"4";"13"
"Crew";"D";"4";"14"
"Crew";"D";"4";"15"
"Crew";"D";"4";"16"
"Crew";"D";"4";"2"
"Crew";"D";"4";"3"
"Crew";"D";"4";"4"
"Crew";"D";"4";"5"
"Crew";"D";"4";"6"
"Crew";"D";"4";"7"
"Crew";"D";"4";"8"
"Crew";"D";"4";"9"
"Crew";"D";"5";"1"
"Crew";"D";"5";"10"
"Crew";"D";"5";"11"
"Crew";"D";"5";"12"
"Crew";"D";"5";"13"
"Crew";"D";"5";"14"
"Crew";"D";"5";"15"
"Crew";"D";"5";"16"
"Crew";"D";"5";"2"
"Crew";"D";"5";"3"
"Crew";"D";"5";"4"
"Crew";"D";"5";"5"
"Crew";"D";"5";"6"
"Crew";"D";"5";"7"
"Crew";"D";"5";"8"
"Crew";"D";"5";"9"
"Crew";"D";"6";"1"
"Crew";"D";"6";"10"
"Crew";"D";"6";"11"
"Crew";"D";"6";"12"
"Crew";"D";"6";"13"
"Crew";"D";"6";"14"
"Crew";"D";"6";"15"
"Crew";"D";"6";"16"
"Crew";"D";"6";"2"
"Crew";"D";"6";"3"
"Crew";"D";"6";"4"
"Crew";"D";"6";"5"
"Crew";"D";"6";"6"
"Crew";"D";"6";"7"
"Crew";"D";"6";"8"
"Crew";"D";"6";"9"
"Crew";"D";"7";"1"
"Crew";"D";"7";"10"
"Crew";"D";"7";"11"
"Crew";"D";"7";"12"
"Crew";"D";"7";"13"
"Crew";"D";"7";"14"
"Crew";"D";"7";"15"
"Crew";"D";"7";"16"
"Crew";"D";"7";"2"
"Crew";"D";"7";"3"
"Crew";"D";"7";"4"
"Crew";"D";"7";"5"
"Crew";"D";"7";"6"
"Crew";"D";"7";"7"
"Crew";"D";"7";"8"
"Crew";"D";"7";"9"
"Crew";"D";"8";"1"
"Crew";"D";"8";"10"
"Crew";"D";"8";"11"
"Crew";"D";"8";"12"
"Crew";"D";"8";"13"
"Crew";"D";"8";"14"
"Crew";"D";"8";"15"
"Crew";"D";"8";"16"
"Crew";"D";"8";"2"
"Crew";"D";"8";"3"
"Crew";"D";"8";"4"
"Crew";"D";"8";"5"
"Crew";"D";"8";"6"
"Crew";"D";"8";"7"
"Crew";"D";"8";"8"
"Crew";"D";"8";"9"
"CS:GO";"A";"34";"11"
"CS:GO";"A";"34";"12"
"Cuartita 4K";"B";"5";"1"
"Cuartita 4K";"B";"5";"2"
"Cuartita 4K";"B";"5";"3"
"Cuartita 4K";"B";"5";"4"
"Cuartita 4K";"B";"5";"5"
"Cuartita 4K";"B";"5";"6"
"Cuartita 4K";"B";"5";"7"
"Cuartita 4K";"B";"5";"8"
"Cuartita 4K";"B";"5";"9"
"Darakthefirst";"D";"2";"6"
"deados";"C";"5";"2"
"deados";"C";"5";"3"
"DeLaCrème";"D";"31";"1"
"DeLaCrème";"D";"31";"2"
"DeLaCrème";"D";"31";"3"
"DeLaCrème";"D";"31";"4"
"DeLaCrème";"D";"31";"5"
"DeLaCrème";"D";"31";"6"
"DeLaCrème";"D";"31";"7"
"DeLaCrème";"D";"31";"8"
"DeLaCrème";"D";"31";"9"
"de locos";"A";"34";"1"
"de locos";"A";"34";"2"
"de locos";"A";"34";"3"
"de locos";"A";"34";"4"
"de locos";"A";"34";"5"
"DeTuNvidiaNaceMiHama";"B";"36";"1"
"DeTuNvidiaNaceMiHama";"B";"36";"10"
"DeTuNvidiaNaceMiHama";"B";"36";"2"
"DeTuNvidiaNaceMiHama";"B";"36";"3"
"DeTuNvidiaNaceMiHama";"B";"36";"4"
"DeTuNvidiaNaceMiHama";"B";"36";"5"
"DeTuNvidiaNaceMiHama";"B";"36";"6"
"DeTuNvidiaNaceMiHama";"B";"36";"7"
"DeTuNvidiaNaceMiHama";"B";"36";"8"
"DeTuNvidiaNaceMiHama";"B";"36";"9"
"DeTuNvidiaNaceMiHama";"B";"37";"1"
"DeTuNvidiaNaceMiHama";"B";"37";"2"
"Dixelia Forces";"D";"31";"10"
"Dixelia Forces";"D";"31";"11"
"Dixelia Forces";"D";"31";"12"
"Dixelia Forces";"D";"31";"13"
"Dixelia Forces";"D";"31";"14"
"Dixelia Forces";"D";"31";"15"
"Dixelia Forces";"D";"31";"16"
"Dota 2 Canarias";"B";"29";"1"
"Dota 2 Canarias";"B";"29";"10"
"Dota 2 Canarias";"B";"29";"2"
"Dota 2 Canarias";"B";"29";"3"
"Dota 2 Canarias";"B";"29";"4"
"Dota 2 Canarias";"B";"29";"5"
"Dota 2 Canarias";"B";"29";"6"
"Dota 2 Canarias";"B";"29";"7"
"Dota 2 Canarias";"B";"29";"8"
"Dota 2 Canarias";"B";"29";"9"
"Dota 2 Canarias";"B";"30";"1"
"Dota 2 Canarias";"B";"30";"2"
"Dota 2 Canarias";"B";"30";"3"
"Dota 2 Canarias";"B";"30";"4"
"Dota 2 Canarias";"B";"30";"5"
"Dota 2 Canarias";"B";"30";"6"
"Dota 2 Canarias";"B";"30";"7"
"Dracukeo Team";"A";"3";"1"
"Dracukeo Team";"A";"3";"2"
"Dracukeo Team";"A";"3";"3"
"Dracukeo Team";"A";"3";"4"
"Dracukeo Team";"A";"3";"5"
"Dracukeo Team";"A";"3";"6"
"Dracukeo Team";"A";"3";"7"
"Dúchate";"C";"5";"10"
"Dúchate";"C";"5";"4"
"Dúchate";"C";"5";"5"
"Dúchate";"C";"5";"6"
"Dúchate";"C";"5";"7"
"Dúchate";"C";"5";"8"
"Dúchate";"C";"5";"9"
"Duo Conguito";"A";"34";"13"
"Duo Conguito";"A";"34";"14"
"Dxmorgan";"D";"2";"7"
"Eje Berlín Moscú";"A";"25";"15"
"Eje Berlín Moscú";"A";"25";"16"
"Ejército de Kasukabe";"A";"16";"14"
"Ejército de Kasukabe";"A";"16";"15"
"Ejército de Kasukabe";"A";"16";"16"
"El Abismo de PDB";"A";"4";"1"
"El Abismo de PDB";"A";"4";"10"
"El Abismo de PDB";"A";"4";"11"
"El Abismo de PDB";"A";"4";"12"
"El Abismo de PDB";"A";"4";"2"
"El Abismo de PDB";"A";"4";"3"
"El Abismo de PDB";"A";"4";"4"
"El Abismo de PDB";"A";"4";"5"
"El Abismo de PDB";"A";"4";"6"
"El Abismo de PDB";"A";"4";"7"
"El Abismo de PDB";"A";"4";"8"
"El Abismo de PDB";"A";"4";"9"
"El Barrio";"B";"32";"1"
"El Barrio";"B";"32";"10"
"El Barrio";"B";"32";"2"
"El Barrio";"B";"32";"3"
"El Barrio";"B";"32";"4"
"El Barrio";"B";"32";"5"
"El Barrio";"B";"32";"6"
"El Barrio";"B";"32";"7"
"El Barrio";"B";"32";"8"
"El Barrio";"B";"32";"9"
"El Barrio";"B";"33";"1"
"El Barrio";"B";"33";"10"
"El Barrio";"B";"33";"2"
"El Barrio";"B";"33";"3"
"El Barrio";"B";"33";"4"
"El Barrio";"B";"33";"5"
"El Barrio";"B";"33";"6"
"El Barrio";"B";"33";"7"
"El Barrio";"B";"33";"8"
"El Barrio";"B";"33";"9"
"El Barrio";"B";"34";"1"
"El Oso Yonki";"C";"14";"1"
"El Oso Yonki";"C";"14";"10"
"El Oso Yonki";"C";"14";"2"
"El Oso Yonki";"C";"14";"3"
"El Oso Yonki";"C";"14";"4"
"El Oso Yonki";"C";"14";"5"
"El Oso Yonki";"C";"14";"6"
"El Oso Yonki";"C";"14";"7"
"El Oso Yonki";"C";"14";"8"
"El Oso Yonki";"C";"14";"9"
"El Oso Yonki";"C";"15";"1"
"El Oso Yonki";"C";"15";"10"
"El Oso Yonki";"C";"15";"2"
"El Oso Yonki";"C";"15";"3"
"El Oso Yonki";"C";"15";"4"
"El Oso Yonki";"C";"15";"5"
"El Oso Yonki";"C";"15";"6"
"El Oso Yonki";"C";"15";"7"
"El Oso Yonki";"C";"15";"8"
"El Oso Yonki";"C";"15";"9"
"El Oso Yonki";"C";"16";"1"
"El Oso Yonki";"C";"16";"10"
"El Oso Yonki";"C";"16";"2"
"El Oso Yonki";"C";"16";"3"
"El Oso Yonki";"C";"16";"4"
"El Oso Yonki";"C";"16";"5"
"El Oso Yonki";"C";"16";"6"
"El Oso Yonki";"C";"16";"7"
"El Oso Yonki";"C";"16";"8"
"El Oso Yonki";"C";"16";"9"
"El Oso Yonki";"C";"17";"1"
"El Oso Yonki";"C";"17";"2"
"El Oso Yonki";"C";"17";"3"
"Elvis-Teck";"C";"18";"1"
"Elvis-Teck";"C";"18";"2"
"Elvis-Teck";"C";"18";"3"
"Elvis-Teck";"C";"18";"4"
"Elvis-Teck";"C";"18";"5"
"Elvis-Teck";"C";"18";"6"
"Elvis-Teck";"C";"18";"7"
"Elvis-Teck";"C";"18";"8"
"Elvis-Teck";"C";"19";"1"
"Elvis-Teck";"C";"19";"2"
"Elvis-Teck";"C";"19";"3"
"Elvis-Teck";"C";"19";"4"
"Elvis-Teck";"C";"19";"5"
"Elvis-Teck";"C";"19";"6"
"Elvis-Teck";"C";"19";"7"
"Elvis-Teck";"C";"19";"8"
"Elvis-Teck";"C";"20";"1"
"Elvis-Teck";"C";"20";"2"
"Elvis-Teck";"C";"20";"3"
"Elvis-Teck";"C";"20";"4"
"Elvis-Teck";"C";"20";"5"
"Elvis-Teck";"C";"20";"6"
"Elvis-Teck";"C";"20";"7"
"Elvis-Teck";"C";"20";"8"
"Elvis-Teck";"C";"21";"1"
"Elvis-Teck";"C";"21";"2"
"Elvis-Teck";"C";"21";"3"
"Elvis-Teck";"C";"21";"4"
"Elvis-Teck";"C";"21";"5"
"Elvis-Teck";"C";"21";"6"
"Elvis-Teck";"C";"21";"7"
"Elvis-Teck";"C";"21";"8"
"Elvis-Teck";"C";"21";"9"
"Emborkados";"B";"4";"1"
"Emborkados";"B";"4";"2"
"Emborkados";"B";"4";"3"
"Emborkados";"B";"4";"4"
"Emborkados";"B";"4";"5"
"Emborkados";"B";"4";"6"
"Emborkados";"B";"4";"7"
"Emborkados";"B";"4";"8"
"Emborkados";"B";"4";"9"
"EnClaveDeJAMG";"C";"7";"1"
"EnClaveDeJAMG";"C";"7";"10"
"EnClaveDeJAMG";"C";"7";"2"
"EnClaveDeJAMG";"C";"7";"3"
"EnClaveDeJAMG";"C";"7";"4"
"EnClaveDeJAMG";"C";"7";"5"
"EnClaveDeJAMG";"C";"7";"6"
"EnClaveDeJAMG";"C";"7";"7"
"EnClaveDeJAMG";"C";"7";"8"
"EnClaveDeJAMG";"C";"7";"9"
"EnClaveDeJAMG";"C";"8";"1"
"EnClaveDeJAMG";"C";"8";"10"
"EnClaveDeJAMG";"C";"8";"2"
"EnClaveDeJAMG";"C";"8";"3"
"EnClaveDeJAMG";"C";"8";"4"
"EnClaveDeJAMG";"C";"8";"5"
"EnClaveDeJAMG";"C";"8";"6"
"EnClaveDeJAMG";"C";"8";"7"
"EnClaveDeJAMG";"C";"8";"8"
"EnClaveDeJAMG";"C";"8";"9"
"Enyugados";"D";"14";"1"
"Enyugados";"D";"14";"10"
"Enyugados";"D";"14";"11"
"Enyugados";"D";"14";"12"
"Enyugados";"D";"14";"13"
"Enyugados";"D";"14";"14"
"Enyugados";"D";"14";"15"
"Enyugados";"D";"14";"16"
"Enyugados";"D";"14";"2"
"Enyugados";"D";"14";"3"
"Enyugados";"D";"14";"4"
"Enyugados";"D";"14";"5"
"Enyugados";"D";"14";"6"
"Enyugados";"D";"14";"7"
"Enyugados";"D";"14";"8"
"Enyugados";"D";"14";"9"
"Enyugados";"D";"15";"1"
"Enyugados";"D";"15";"10"
"Enyugados";"D";"15";"11"
"Enyugados";"D";"15";"12"
"Enyugados";"D";"15";"13"
"Enyugados";"D";"15";"14"
"Enyugados";"D";"15";"15"
"Enyugados";"D";"15";"16"
"Enyugados";"D";"15";"2"
"Enyugados";"D";"15";"3"
"Enyugados";"D";"15";"4"
"Enyugados";"D";"15";"5"
"Enyugados";"D";"15";"6"
"Enyugados";"D";"15";"7"
"Enyugados";"D";"15";"8"
"Enyugados";"D";"15";"9"
"Enyugados";"D";"16";"1"
"Enyugados";"D";"16";"10"
"Enyugados";"D";"16";"11"
"Enyugados";"D";"16";"12"
"Enyugados";"D";"16";"13"
"Enyugados";"D";"16";"14"
"Enyugados";"D";"16";"15"
"Enyugados";"D";"16";"16"
"Enyugados";"D";"16";"2"
"Enyugados";"D";"16";"3"
"Enyugados";"D";"16";"4"
"Enyugados";"D";"16";"5"
"Enyugados";"D";"16";"6"
"Enyugados";"D";"16";"7"
"Enyugados";"D";"16";"8"
"Enyugados";"D";"16";"9"
"Enyugados";"D";"17";"1"
"Enyugados";"D";"17";"10"
"Enyugados";"D";"17";"11"
"Enyugados";"D";"17";"12"
"Enyugados";"D";"17";"13"
"Enyugados";"D";"17";"14"
"Enyugados";"D";"17";"15"
"Enyugados";"D";"17";"16"
"Enyugados";"D";"17";"2"
"Enyugados";"D";"17";"3"
"Enyugados";"D";"17";"4"
"Enyugados";"D";"17";"5"
"Enyugados";"D";"17";"6"
"Enyugados";"D";"17";"7"
"Enyugados";"D";"17";"8"
"Enyugados";"D";"17";"9"
"Enyugados";"D";"18";"1"
"Enyugados";"D";"18";"10"
"Enyugados";"D";"18";"11"
"Enyugados";"D";"18";"12"
"Enyugados";"D";"18";"13"
"Enyugados";"D";"18";"14"
"Enyugados";"D";"18";"15"
"Enyugados";"D";"18";"16"
"Enyugados";"D";"18";"2"
"Enyugados";"D";"18";"3"
"Enyugados";"D";"18";"4"
"Enyugados";"D";"18";"5"
"Enyugados";"D";"18";"6"
"Enyugados";"D";"18";"7"
"Enyugados";"D";"18";"8"
"Enyugados";"D";"18";"9"
"Enyugados";"D";"19";"1"
"Enyugados";"D";"19";"2"
"Enyugados";"D";"19";"3"
"Enyugados";"D";"19";"4"
"Enyugados";"D";"19";"5"
"Enyugados";"D";"19";"6"
"Enyugados";"D";"19";"7"
"Enyugados";"D";"19";"8"
"Error404";"D";"12";"10"
"Error404";"D";"12";"11"
"Error404";"D";"12";"12"
"Error404";"D";"12";"13"
"Error404";"D";"12";"14"
"Error404";"D";"12";"15"
"Error404";"D";"12";"16"
"Error404";"D";"12";"8"
"Error404";"D";"12";"9"
"Error404";"D";"13";"10"
"Error404";"D";"13";"11"
"Error404";"D";"13";"12"
"Error404";"D";"13";"13"
"Error404";"D";"13";"14"
"Error404";"D";"13";"15"
"Error404";"D";"13";"16"
"Error404";"D";"13";"9"
"Escudols";"C";"12";"10"
"Escudols";"C";"12";"8"
"Escudols";"C";"12";"9"
"Esmojo";"A";"1";"10"
"Esmojo";"A";"1";"11"
"Esmojo";"A";"1";"12"
"Esmojo";"A";"1";"13"
"Esmojo";"A";"1";"14"
"Esmojo";"A";"1";"15"
"Esmojo";"A";"1";"16"
"Esmojo";"A";"1";"6"
"Esmojo";"A";"1";"7"
"Esmojo";"A";"1";"8"
"Esmojo";"A";"1";"9"
"EvoIcarus";"D";"2";"9"
"exelion";"C";"33";"5"
"ezco";"C";"1";"10"
"Family B";"A";"4";"13"
"Family B";"A";"4";"14"
"FofiSanos";"D";"1";"10"
"FofiSanos";"D";"1";"6"
"FofiSanos";"D";"1";"7"
"FofiSanos";"D";"1";"8"
"FofiSanos";"D";"1";"9"
"Friki no otro rollo";"C";"22";"1"
"Friki no otro rollo";"C";"22";"10"
"Friki no otro rollo";"C";"22";"2"
"Friki no otro rollo";"C";"22";"3"
"Friki no otro rollo";"C";"22";"4"
"Friki no otro rollo";"C";"22";"5"
"Friki no otro rollo";"C";"22";"6"
"Friki no otro rollo";"C";"22";"7"
"Friki no otro rollo";"C";"22";"8"
"Friki no otro rollo";"C";"22";"9"
"Friki no otro rollo";"C";"23";"1"
"Friki no otro rollo";"C";"23";"10"
"Friki no otro rollo";"C";"23";"2"
"Friki no otro rollo";"C";"23";"3"
"Friki no otro rollo";"C";"23";"4"
"Friki no otro rollo";"C";"23";"5"
"Friki no otro rollo";"C";"23";"6"
"Friki no otro rollo";"C";"23";"7"
"Friki no otro rollo";"C";"23";"8"
"Friki no otro rollo";"C";"23";"9"
"Friki no otro rollo";"C";"24";"10"
"Friki no otro rollo";"C";"24";"3"
"Friki no otro rollo";"C";"24";"4"
"Friki no otro rollo";"C";"24";"5"
"Friki no otro rollo";"C";"24";"6"
"Friki no otro rollo";"C";"24";"7"
"Friki no otro rollo";"C";"24";"8"
"Friki no otro rollo";"C";"24";"9"
"Frikis y un Calvo";"C";"30";"1"
"Frikis y un Calvo";"C";"30";"10"
"Frikis y un Calvo";"C";"30";"2"
"Frikis y un Calvo";"C";"30";"3"
"Frikis y un Calvo";"C";"30";"4"
"Frikis y un Calvo";"C";"30";"5"
"Frikis y un Calvo";"C";"30";"6"
"Frikis y un Calvo";"C";"30";"7"
"Frikis y un Calvo";"C";"30";"8"
"Frikis y un Calvo";"C";"30";"9"
"Fuerte Pastel";"B";"37";"3"
"Fuerte Pastel";"B";"37";"4"
"Fuerte Pastel";"B";"37";"5"
"Fuerte Pastel";"B";"37";"6"
"Fuerte Pastel";"B";"37";"7"
"Fuerte Pastel";"B";"37";"8"
"Fuerte Pastel";"B";"37";"9"
"FUnCK Army";"A";"12";"1"
"FUnCK Army";"A";"12";"2"
"FUnCK Army";"A";"12";"3"
"FUnCK Army";"A";"12";"4"
"FUnCK Army";"A";"12";"5"
"FUnCK Army";"A";"12";"6"
"FUnCK Army";"A";"12";"7"
"FUnCK Army";"A";"12";"8"
"FUnCK Army";"A";"12";"9"
"Gaker";"C";"21";"10"
"GangStar";"D";"35";"1"
"GangStar";"D";"35";"2"
"GangStar";"D";"35";"3"
"GangStar";"D";"35";"4"
"GangStar";"D";"35";"5"
"GangStar";"D";"35";"6"
"GangStar";"D";"35";"7"
"GangStar";"D";"35";"8"
"GiGi Returns";"B";"2";"1"
"GiGi Returns";"B";"2";"2"
"GiGi Returns";"B";"2";"3"
"GiGi Returns";"B";"2";"4"
"GiGi Returns";"B";"2";"5"
"GiGi Returns";"B";"2";"6"
"Gotto";"D";"34";"12"
"Gotto";"D";"34";"13"
"Gotto";"D";"34";"14"
"Gotto";"D";"34";"15"
"Gotto";"D";"34";"16"
"GUACAMAYO VERDE";"D";"34";"1"
"GUACAMAYO VERDE";"D";"34";"10"
"GUACAMAYO VERDE";"D";"34";"11"
"GUACAMAYO VERDE";"D";"34";"2"
"GUACAMAYO VERDE";"D";"34";"3"
"GUACAMAYO VERDE";"D";"34";"4"
"GUACAMAYO VERDE";"D";"34";"5"
"GUACAMAYO VERDE";"D";"34";"6"
"GUACAMAYO VERDE";"D";"34";"7"
"GUACAMAYO VERDE";"D";"34";"8"
"GUACAMAYO VERDE";"D";"34";"9"
"Guanche Clan";"D";"1";"1"
"Guanche Clan";"D";"1";"2"
"Guanche Clan";"D";"1";"3"
"Guanche Clan";"D";"1";"4"
"Guanche Clan";"D";"1";"5"
"Guardians EC";"A";"28";"1"
"Guardians EC";"A";"28";"2"
"Guardians EC";"A";"28";"3"
"Guardians EC";"A";"28";"4"
"Guardians EC";"A";"28";"5"
"Guardians EC";"A";"28";"6"
"handepora";"D";"30";"10"
"handepora";"D";"30";"11"
"handepora";"D";"30";"12"
"handepora";"D";"30";"13"
"handepora";"D";"30";"14"
"handepora";"D";"30";"15"
"handepora";"D";"30";"16"
"handepora";"D";"30";"9"
"Heca";"D";"2";"8"
"Hijos De La Noche";"D";"38";"1"
"Hijos De La Noche";"D";"38";"2"
"Hijos De La Noche";"D";"38";"3"
"HORNILLOENTERTAIMENT";"A";"29";"13"
"HORNILLOENTERTAIMENT";"A";"29";"14"
"Hot Run";"A";"37";"10"
"Hot Run";"A";"37";"11"
"Hot Run";"A";"37";"12"
"Hot Run";"A";"37";"13"
"Hot Run";"A";"37";"14"
"Hot Run";"A";"37";"15"
"Hot Run";"A";"37";"16"
"Hot Run";"A";"37";"6"
"Hot Run";"A";"37";"7"
"Hot Run";"A";"37";"8"
"Hot Run";"A";"37";"9"
"Hot Run";"A";"38";"10"
"Hot Run";"A";"38";"11"
"Hot Run";"A";"38";"12"
"Hot Run";"A";"38";"13"
"Hot Run";"A";"38";"14"
"Hot Run";"A";"38";"15"
"Hot Run";"A";"38";"16"
"Hot Run";"A";"38";"6"
"Hot Run";"A";"38";"7"
"Hot Run";"A";"38";"8"
"Hot Run";"A";"38";"9"
"ImTheChoosen";"D";"2";"10"
"Incaendium";"A";"18";"1"
"Incaendium";"A";"18";"10"
"Incaendium";"A";"18";"2"
"Incaendium";"A";"18";"3"
"Incaendium";"A";"18";"4"
"Incaendium";"A";"18";"5"
"Incaendium";"A";"18";"6"
"Incaendium";"A";"18";"7"
"Incaendium";"A";"18";"8"
"Incaendium";"A";"18";"9"
"INC SOLAR FLARE";"A";"40";"11"
"INC SOLAR FLARE";"A";"40";"12"
"INC SOLAR FLARE";"A";"40";"13"
"INC SOLAR FLARE";"A";"40";"14"
"Infinity Seven";"D";"38";"15"
"Infinity Seven";"D";"38";"16"
"Invitados Última";"A";"10";"11"
"Invitados Última";"A";"10";"12"
"Invitados Última";"A";"10";"13"
"Invitados Última";"A";"10";"14"
"Island Gaming";"D";"38";"4"
"Island Gaming";"D";"38";"5"
"Island Gaming";"D";"38";"6"
"Jilorio Magical Girl";"D";"13";"7"
"Jilorio Magical Girl";"D";"13";"8"
"Kaidan Outside";"B";"38";"1"
"Kaidan Outside";"B";"38";"2"
"Kaidan Outside";"B";"38";"3"
"Kaidan Outside";"B";"38";"4"
"Kaidan Outside";"B";"38";"5"
"Kaidan Outside";"B";"38";"6"
"Kaidan Outside";"B";"38";"7"
"Kaidan Outside";"B";"38";"8"
"Kaidan Outside";"B";"38";"9"
"Kancho and friends";"D";"38";"7"
"Kancho and friends";"D";"38";"8"
"Kancho and friends";"D";"38";"9"
"Kanuto Chipude";"C";"10";"1"
"Kanuto Chipude";"C";"10";"2"
"Kanuto Chipude";"C";"10";"3"
"Kanuto Chipude";"C";"10";"4"
"Kanuto Chipude";"C";"10";"5"
"Kanuto Chipude";"C";"10";"6"
"Kanuto Chipude";"C";"10";"7"
"Kanuto Chipude";"C";"10";"8"
"Kanuto Chipude";"C";"9";"1"
"Kanuto Chipude";"C";"9";"10"
"Kanuto Chipude";"C";"9";"2"
"Kanuto Chipude";"C";"9";"3"
"Kanuto Chipude";"C";"9";"4"
"Kanuto Chipude";"C";"9";"5"
"Kanuto Chipude";"C";"9";"6"
"Kanuto Chipude";"C";"9";"7"
"Kanuto Chipude";"C";"9";"8"
"Kanuto Chipude";"C";"9";"9"
"KARVOS";"B";"9";"1"
"KARVOS";"B";"9";"2"
"KARVOS";"B";"9";"3"
"KARVOS";"B";"9";"4"
"KARVOS";"B";"9";"5"
"KillTheDuck";"D";"33";"1"
"KillTheDuck";"D";"33";"10"
"KillTheDuck";"D";"33";"11"
"KillTheDuck";"D";"33";"2"
"KillTheDuck";"D";"33";"3"
"KillTheDuck";"D";"33";"4"
"KillTheDuck";"D";"33";"5"
"KillTheDuck";"D";"33";"6"
"KillTheDuck";"D";"33";"7"
"KillTheDuck";"D";"33";"8"
"KillTheDuck";"D";"33";"9"
"KoS Gvng";"B";"10";"1"
"KoS Gvng";"B";"10";"2"
"KoS Gvng";"B";"10";"3"
"KoS Gvng";"B";"10";"4"
"KoS Gvng";"B";"10";"5"
"KoS Gvng";"B";"10";"6"
"KoS Gvng";"B";"10";"7"
"KoS Gvng";"B";"10";"8"
"LaComunidadDelAnillo";"A";"29";"1"
"LaComunidadDelAnillo";"A";"29";"2"
"LaComunidadDelAnillo";"A";"29";"3"
"LaComunidadDelAnillo";"A";"29";"4"
"LaComunidadDelAnillo";"A";"29";"5"
"LaComunidadDelAnillo";"A";"29";"6"
"La Orden del Timple";"A";"6";"10"
"La Orden del Timple";"A";"6";"11"
"La Orden del Timple";"A";"6";"12"
"La Orden del Timple";"A";"6";"13"
"La Orden del Timple";"A";"6";"14"
"La Orden del Timple";"A";"6";"15"
"La Orden del Timple";"A";"6";"16"
"La Salchachada";"A";"27";"1"
"La Salchachada";"A";"27";"10"
"La Salchachada";"A";"27";"11"
"La Salchachada";"A";"27";"12"
"La Salchachada";"A";"27";"13"
"La Salchachada";"A";"27";"14"
"La Salchachada";"A";"27";"15"
"La Salchachada";"A";"27";"16"
"La Salchachada";"A";"27";"2"
"La Salchachada";"A";"27";"3"
"La Salchachada";"A";"27";"4"
"La Salchachada";"A";"27";"5"
"La Salchachada";"A";"27";"6"
"La Salchachada";"A";"27";"7"
"La Salchachada";"A";"27";"8"
"La Salchachada";"A";"27";"9"
"League of Kuconcios";"A";"35";"1"
"League of Kuconcios";"A";"35";"10"
"League of Kuconcios";"A";"35";"11"
"League of Kuconcios";"A";"35";"12"
"League of Kuconcios";"A";"35";"13"
"League of Kuconcios";"A";"35";"14"
"League of Kuconcios";"A";"35";"15"
"League of Kuconcios";"A";"35";"16"
"League of Kuconcios";"A";"35";"2"
"League of Kuconcios";"A";"35";"3"
"League of Kuconcios";"A";"35";"4"
"League of Kuconcios";"A";"35";"5"
"League of Kuconcios";"A";"35";"6"
"League of Kuconcios";"A";"35";"7"
"League of Kuconcios";"A";"35";"8"
"League of Kuconcios";"A";"35";"9"
"League of Kuconcios";"A";"36";"1"
"League of Kuconcios";"A";"36";"2"
"League of Kuconcios";"A";"36";"3"
"League of Kuconcios";"A";"36";"4"
"League of Kuconcios";"A";"36";"5"
"League of Kuconcios";"A";"36";"6"
"League of Kuconcios";"A";"36";"7"
"Liga de la Chusticia";"B";"31";"1"
"Liga de la Chusticia";"B";"31";"10"
"Liga de la Chusticia";"B";"31";"2"
"Liga de la Chusticia";"B";"31";"3"
"Liga de la Chusticia";"B";"31";"4"
"Liga de la Chusticia";"B";"31";"5"
"Liga de la Chusticia";"B";"31";"6"
"Liga de la Chusticia";"B";"31";"7"
"Liga de la Chusticia";"B";"31";"8"
"Liga de la Chusticia";"B";"31";"9"
"Lluross";"D";"2";"12"
"Los Bubangos Reales";"C";"36";"1"
"Los Bubangos Reales";"C";"36";"2"
"Los Bubangos Reales";"C";"36";"3"
"Los Bubangos Reales";"C";"36";"4"
"Los Bubangos Reales";"C";"36";"5"
"Los Bubangos Reales";"C";"36";"6"
"Los Bubangos Reales";"C";"36";"7"
"Los Bubangos Reales";"C";"36";"8"
"Los Bubangos Reales";"C";"36";"9"
"Los Casi Guapos";"A";"14";"1"
"Los Casi Guapos";"A";"14";"10"
"Los Casi Guapos";"A";"14";"11"
"Los Casi Guapos";"A";"14";"12"
"Los Casi Guapos";"A";"14";"13"
"Los Casi Guapos";"A";"14";"14"
"Los Casi Guapos";"A";"14";"15"
"Los Casi Guapos";"A";"14";"16"
"Los Casi Guapos";"A";"14";"2"
"Los Casi Guapos";"A";"14";"3"
"Los Casi Guapos";"A";"14";"4"
"Los Casi Guapos";"A";"14";"5"
"Los Casi Guapos";"A";"14";"6"
"Los Casi Guapos";"A";"14";"7"
"Los Casi Guapos";"A";"14";"8"
"Los Casi Guapos";"A";"14";"9"
"Los Casi Guapos";"A";"15";"1"
"Los Casi Guapos";"A";"15";"2"
"Los Casi Guapos";"A";"15";"3"
"Los Casi Guapos";"A";"15";"4"
"Los Casi Guapos";"A";"15";"5"
"Los Chollanger";"A";"25";"10"
"Los Chollanger";"A";"25";"11"
"Los Chollanger";"A";"25";"12"
"Los Chollanger";"A";"25";"13"
"Los Chollanger";"A";"25";"14"
"Los Chollanger";"A";"25";"9"
"Los Chumachos";"C";"1";"1"
"Los Chumachos";"C";"1";"2"
"Los Chumachos";"C";"1";"3"
"Los Chumachos";"C";"1";"4"
"Los Chumachos";"C";"1";"5"
"Los Chumachos";"C";"1";"6"
"Los Chumachos";"C";"1";"7"
"Los Chumachos";"C";"1";"8"
"Los Chumachos";"C";"1";"9"
"Los de Casa";"A";"16";"1"
"Los de Casa";"A";"16";"10"
"Los de Casa";"A";"16";"11"
"Los de Casa";"A";"16";"12"
"Los de Casa";"A";"16";"13"
"Los de Casa";"A";"16";"2"
"Los de Casa";"A";"16";"3"
"Los de Casa";"A";"16";"4"
"Los de Casa";"A";"16";"5"
"Los de Casa";"A";"16";"6"
"Los de Casa";"A";"16";"7"
"Los de Casa";"A";"16";"8"
"Los de Casa";"A";"16";"9"
"Los Intensitos";"A";"38";"1"
"Los Intensitos";"A";"38";"2"
"Los Intensitos";"A";"38";"3"
"Los Intensitos";"A";"38";"4"
"Los Intensitos";"A";"38";"5"
"Los Panchos";"A";"23";"10"
"Los Panchos";"A";"23";"11"
"Los Panchos";"A";"23";"12"
"Los Panchos";"A";"23";"13"
"Los Panchos";"A";"23";"14"
"Los Panchos";"A";"23";"15"
"Los Panchos";"A";"23";"16"
"Los Panchos";"A";"23";"4"
"Los Panchos";"A";"23";"5"
"Los Panchos";"A";"23";"6"
"Los Panchos";"A";"23";"7"
"Los Panchos";"A";"23";"8"
"Los Panchos";"A";"23";"9"
"Los Panchos";"A";"24";"11"
"Los Panchos";"A";"24";"12"
"Los Panchos";"A";"24";"13"
"Los Panchos";"A";"24";"14"
"Los Panchos";"A";"24";"15"
"Los Panchos";"A";"24";"16"
"LOS PURISTAS";"C";"27";"1"
"LOS PURISTAS";"C";"27";"10"
"LOS PURISTAS";"C";"27";"2"
"LOS PURISTAS";"C";"27";"3"
"LOS PURISTAS";"C";"27";"4"
"LOS PURISTAS";"C";"27";"5"
"LOS PURISTAS";"C";"27";"6"
"LOS PURISTAS";"C";"27";"7"
"LOS PURISTAS";"C";"27";"8"
"LOS PURISTAS";"C";"27";"9"
"LOS PURISTAS";"C";"28";"1"
"LOS PURISTAS";"C";"28";"2"
"LOS PURISTAS";"C";"28";"3"
"LOS PURISTAS";"C";"28";"4"
"LOS PURISTAS";"C";"28";"5"
"LOS PURISTAS";"C";"28";"6"
"LOS PURISTAS";"C";"28";"7"
"LOS PURISTAS";"C";"28";"8"
"los super panchis";"D";"29";"6"
"LURTZ";"D";"2";"11"
"Make TLP Great Again";"D";"1";"11"
"Make TLP Great Again";"D";"1";"12"
"Make TLP Great Again";"D";"1";"13"
"Make TLP Great Again";"D";"1";"14"
"Make TLP Great Again";"D";"1";"15"
"Manisilaso";"D";"2";"13"
"Marginados";"C";"36";"10"
"MastoGaming";"A";"21";"10"
"MastoGaming";"A";"21";"11"
"MastoGaming";"A";"21";"12"
"MastoGaming";"A";"21";"13"
"MastoGaming";"A";"21";"14"
"MastoGaming";"A";"21";"4"
"MastoGaming";"A";"21";"5"
"MastoGaming";"A";"21";"6"
"MastoGaming";"A";"21";"7"
"MastoGaming";"A";"21";"8"
"MastoGaming";"A";"21";"9"
"Melo y sus muchachos";"D";"1";"16"
"Michelle y Ámbar";"B";"13";"10"
"Michelle y Ámbar";"B";"13";"9"
"MICI Team";"A";"29";"15"
"MICI Team";"A";"29";"16"
"Missing PC´s";"D";"36";"10"
"Missing PC´s";"D";"36";"11"
"Missing PC´s";"D";"36";"7"
"Missing PC´s";"D";"36";"8"
"Missing PC´s";"D";"36";"9"
"MM2";"D";"32";"1"
"MM2";"D";"32";"10"
"MM2";"D";"32";"11"
"MM2";"D";"32";"2"
"MM2";"D";"32";"3"
"MM2";"D";"32";"4"
"MM2";"D";"32";"5"
"MM2";"D";"32";"6"
"MM2";"D";"32";"7"
"MM2";"D";"32";"8"
"MM2";"D";"32";"9"
"morell";"A";"34";"15"
"/Mute All";"C";"11";"10"
"/Mute All";"C";"11";"7"
"/Mute All";"C";"11";"8"
"/Mute All";"C";"11";"9"
"NekoMurlocs con Mojo";"A";"39";"13"
"NekoMurlocs con Mojo";"A";"39";"14"
"NekoMurlocs con Mojo";"A";"39";"15"
"NekoMurlocs con Mojo";"A";"39";"16"
"Neptunes uwu";"D";"2";"14"
"Nerd Alert";"D";"38";"10"
"Nerd Alert";"D";"38";"11"
"Nerd Alert";"D";"38";"12"
"Nerea Canino Armas.";"A";"36";"16"
"Nere";"D";"2";"15"
"Nexus_Force";"A";"29";"10"
"Nexus_Force";"A";"29";"11"
"Nexus_Force";"A";"29";"12"
"Nexus_Force";"A";"29";"7"
"Nexus_Force";"A";"29";"8"
"Nexus_Force";"A";"29";"9"
"Noesasu!";"C";"17";"10"
"Noesasu!";"C";"17";"8"
"Noesasu!";"C";"17";"9"
"No hace falta";"A";"36";"10"
"No hace falta";"A";"36";"11"
"No hace falta";"A";"36";"12"
"No hace falta";"A";"36";"13"
"No hace falta";"A";"36";"14"
"No hace falta";"A";"36";"15"
"No hace falta";"A";"36";"8"
"No hace falta";"A";"36";"9"
"Notice me Kohai";"B";"7";"10"
"Notice me Kohai";"B";"7";"8"
"Notice me Kohai";"B";"7";"9"
"NSQP";"B";"37";"10"
"NutCrash";"C";"33";"10"
"NutCrash";"C";"33";"7"
"NutCrash";"C";"33";"8"
"NutCrash";"C";"33";"9"
"OMEGALUL";"A";"10";"1"
"OMEGALUL";"A";"10";"2"
"OMEGALUL";"A";"10";"3"
"OMEGALUL";"A";"10";"4"
"OMEGALUL";"A";"10";"5"
"OMEGALUL";"A";"10";"6"
"OMEGALUL";"A";"10";"7"
"OMEGALUL";"A";"10";"8"
"OMEGALUL";"A";"10";"9"
"OMEGALUL";"A";"7";"1"
"OMEGALUL";"A";"7";"10"
"OMEGALUL";"A";"7";"11"
"OMEGALUL";"A";"7";"12"
"OMEGALUL";"A";"7";"13"
"OMEGALUL";"A";"7";"14"
"OMEGALUL";"A";"7";"15"
"OMEGALUL";"A";"7";"16"
"OMEGALUL";"A";"7";"2"
"OMEGALUL";"A";"7";"3"
"OMEGALUL";"A";"7";"4"
"OMEGALUL";"A";"7";"5"
"OMEGALUL";"A";"7";"6"
"OMEGALUL";"A";"7";"7"
"OMEGALUL";"A";"7";"8"
"OMEGALUL";"A";"7";"9"
"OMEGALUL";"A";"8";"1"
"OMEGALUL";"A";"8";"10"
"OMEGALUL";"A";"8";"11"
"OMEGALUL";"A";"8";"12"
"OMEGALUL";"A";"8";"13"
"OMEGALUL";"A";"8";"14"
"OMEGALUL";"A";"8";"15"
"OMEGALUL";"A";"8";"16"
"OMEGALUL";"A";"8";"2"
"OMEGALUL";"A";"8";"3"
"OMEGALUL";"A";"8";"4"
"OMEGALUL";"A";"8";"5"
"OMEGALUL";"A";"8";"6"
"OMEGALUL";"A";"8";"7"
"OMEGALUL";"A";"8";"8"
"OMEGALUL";"A";"8";"9"
"OMEGALUL";"A";"9";"1"
"OMEGALUL";"A";"9";"10"
"OMEGALUL";"A";"9";"11"
"OMEGALUL";"A";"9";"12"
"OMEGALUL";"A";"9";"13"
"OMEGALUL";"A";"9";"14"
"OMEGALUL";"A";"9";"15"
"OMEGALUL";"A";"9";"16"
"OMEGALUL";"A";"9";"2"
"OMEGALUL";"A";"9";"3"
"OMEGALUL";"A";"9";"4"
"OMEGALUL";"A";"9";"5"
"OMEGALUL";"A";"9";"6"
"OMEGALUL";"A";"9";"7"
"OMEGALUL";"A";"9";"8"
"OMEGALUL";"A";"9";"9"
"On3x";"D";"2";"16"
"Origen";"A";"3";"10"
"Origen";"A";"3";"11"
"Origen";"A";"3";"12"
"Origen";"A";"3";"13"
"Origen";"A";"3";"14"
"Origen";"A";"3";"8"
"Origen";"A";"3";"9"
"Otter One";"C";"4";"1"
"Otter One";"C";"4";"2"
"Otter One";"C";"4";"3"
"Otter One";"C";"4";"4"
"Otter One";"C";"4";"5"
"Otter One";"C";"4";"6"
"Otter One";"C";"4";"7"
"PambosiTops";"A";"24";"1"
"PambosiTops";"A";"24";"10"
"PambosiTops";"A";"24";"2"
"PambosiTops";"A";"24";"3"
"PambosiTops";"A";"24";"4"
"PambosiTops";"A";"24";"5"
"PambosiTops";"A";"24";"6"
"PambosiTops";"A";"24";"7"
"PambosiTops";"A";"24";"8"
"PambosiTops";"A";"24";"9"
"PambosiTops";"A";"25";"1"
"PambosiTops";"A";"25";"2"
"PambosiTops";"A";"25";"3"
"PambosiTops";"A";"25";"4"
"PambosiTops";"A";"25";"5"
"PambosiTops";"A";"25";"6"
"PambosiTops";"A";"25";"7"
"PambosiTops";"A";"25";"8"
"Pandawas";"A";"19";"1"
"Pandawas";"A";"19";"10"
"Pandawas";"A";"19";"11"
"Pandawas";"A";"19";"12"
"Pandawas";"A";"19";"2"
"Pandawas";"A";"19";"3"
"Pandawas";"A";"19";"4"
"Pandawas";"A";"19";"5"
"Pandawas";"A";"19";"6"
"Pandawas";"A";"19";"7"
"Pandawas";"A";"19";"8"
"Pandawas";"A";"19";"9"
"Papadopoulos";"D";"22";"15"
"Papadopoulos";"D";"22";"16"
"Parriles";"C";"13";"1"
"Parriles";"C";"13";"10"
"Parriles";"C";"13";"2"
"Parriles";"C";"13";"3"
"Parriles";"C";"13";"4"
"Parriles";"C";"13";"5"
"Parriles";"C";"13";"6"
"Parriles";"C";"13";"7"
"Parriles";"C";"13";"8"
"Parriles";"C";"13";"9"
"PEDRO BUSCA NOVIA";"B";"8";"1"
"PEDRO BUSCA NOVIA";"B";"8";"2"
"PEDRO BUSCA NOVIA";"B";"8";"3"
"PEDRO BUSCA NOVIA";"B";"8";"4"
"PEDRO BUSCA NOVIA";"B";"8";"5"
"PEDRO BUSCA NOVIA";"B";"8";"6"
"PEDRO BUSCA NOVIA";"B";"8";"7"
"Penetunias";"C";"25";"1"
"Penetunias";"C";"25";"2"
"Penetunias";"C";"25";"3"
"Penetunias";"C";"25";"4"
"Penetunias";"C";"25";"5"
"Penetunias";"C";"25";"6"
"Penetunias";"C";"25";"7"
"PENTACLAN";"A";"13";"1"
"PENTACLAN";"A";"13";"10"
"PENTACLAN";"A";"13";"11"
"PENTACLAN";"A";"13";"12"
"PENTACLAN";"A";"13";"13"
"PENTACLAN";"A";"13";"14"
"PENTACLAN";"A";"13";"15"
"PENTACLAN";"A";"13";"2"
"PENTACLAN";"A";"13";"3"
"PENTACLAN";"A";"13";"4"
"PENTACLAN";"A";"13";"5"
"PENTACLAN";"A";"13";"6"
"PENTACLAN";"A";"13";"7"
"PENTACLAN";"A";"13";"8"
"PENTACLAN";"A";"13";"9"
"Pepecolilla";"D";"3";"13"
"Perenquenes Inferno";"A";"37";"1"
"Perenquenes Inferno";"A";"37";"2"
"Perenquenes Inferno";"A";"37";"3"
"Pizza con piña";"C";"33";"1"
"Pizza con piña";"C";"33";"2"
"Pizza con piña";"C";"33";"3"
"Pizza con piña";"C";"33";"4"
"ponyRiders";"B";"5";"10"
"Power Wanches";"A";"2";"10"
"Power Wanches";"A";"2";"11"
"Power Wanches";"A";"2";"12"
"Power Wanches";"A";"2";"13"
"Power Wanches";"A";"2";"14"
"Power Wanches";"A";"2";"8"
"Power Wanches";"A";"2";"9"
"Pulpito78";"C";"25";"10"
"Pulpito78";"C";"25";"8"
"Pulpito78";"C";"25";"9"
"PuroPapaSquad";"D";"13";"1"
"PuroPapaSquad";"D";"13";"2"
"PuroPapaSquad";"D";"13";"3"
"PuroPapaSquad";"D";"13";"4"
"PuroPapaSquad";"D";"13";"5"
"PuroPapaSquad";"D";"13";"6"
"Puto y Pipo";"C";"37";"1"
"Puto y Pipo";"C";"37";"2"
"Puto y Pipo";"C";"37";"3"
"QiCanarias";"B";"1";"1"
"QiCanarias";"B";"1";"10"
"QiCanarias";"B";"1";"2"
"QiCanarias";"B";"1";"3"
"QiCanarias";"B";"1";"4"
"QiCanarias";"B";"1";"5"
"QiCanarias";"B";"1";"6"
"QiCanarias";"B";"1";"7"
"QiCanarias";"B";"1";"8"
"QiCanarias";"B";"1";"9"
"Queer Gang";"A";"11";"15"
"Queer Gang";"A";"11";"16"
"Real Betis Balompié";"A";"20";"1"
"Real Betis Balompié";"A";"20";"10"
"Real Betis Balompié";"A";"20";"11"
"Real Betis Balompié";"A";"20";"12"
"Real Betis Balompié";"A";"20";"13"
"Real Betis Balompié";"A";"20";"14"
"Real Betis Balompié";"A";"20";"2"
"Real Betis Balompié";"A";"20";"3"
"Real Betis Balompié";"A";"20";"4"
"Real Betis Balompié";"A";"20";"5"
"Real Betis Balompié";"A";"20";"6"
"Real Betis Balompié";"A";"20";"7"
"Real Betis Balompié";"A";"20";"8"
"Real Betis Balompié";"A";"20";"9"
"Real Betis Balompié";"A";"21";"1"
"Real Betis Balompié";"A";"21";"2"
"Real Betis Balompié";"A";"21";"3"
"Renegados";"C";"32";"1"
"Renegados";"C";"32";"10"
"Renegados";"C";"32";"2"
"Renegados";"C";"32";"3"
"Renegados";"C";"32";"4"
"Renegados";"C";"32";"5"
"Renegados";"C";"32";"6"
"Renegados";"C";"32";"7"
"Renegados";"C";"32";"8"
"Renegados";"C";"32";"9"
"Respect";"A";"31";"10"
"Respect";"A";"31";"11"
"Respect";"A";"31";"12"
"Respect";"A";"31";"13"
"Respect";"A";"31";"14"
"Respect";"A";"31";"15"
"Respect";"A";"31";"16"
"Respect";"A";"31";"6"
"Respect";"A";"31";"7"
"Respect";"A";"31";"8"
"Respect";"A";"31";"9"
"Respect";"A";"32";"16"
"Royal Lizards";"C";"37";"4"
"Royal Lizards";"C";"37";"5"
"Royal Lizards";"C";"37";"6"
"SaCra";"D";"3";"15"
"Saka Crew";"B";"14";"1"
"Saka Crew";"B";"14";"10"
"Saka Crew";"B";"14";"2"
"Saka Crew";"B";"14";"3"
"Saka Crew";"B";"14";"4"
"Saka Crew";"B";"14";"5"
"Saka Crew";"B";"14";"6"
"Saka Crew";"B";"14";"7"
"Saka Crew";"B";"14";"8"
"Saka Crew";"B";"14";"9"
"Saka Crew";"B";"15";"1"
"Saka Crew";"B";"15";"10"
"Saka Crew";"B";"15";"2"
"Saka Crew";"B";"15";"3"
"Saka Crew";"B";"15";"4"
"Saka Crew";"B";"15";"5"
"Saka Crew";"B";"15";"6"
"Saka Crew";"B";"15";"7"
"Saka Crew";"B";"15";"8"
"Saka Crew";"B";"15";"9"
"Samurai ghoul";"A";"37";"4"
"Samurai ghoul";"A";"37";"5"
"SanPe´s Bra";"A";"2";"1"
"SanPe´s Bra";"A";"2";"2"
"SanPe´s Bra";"A";"2";"3"
"SanPe´s Bra";"A";"2";"4"
"SanPe´s Bra";"A";"2";"5"
"SanPe´s Bra";"A";"2";"6"
"SanPe´s Bra";"A";"2";"7"
"Sappling";"A";"22";"1"
"Sappling";"A";"22";"10"
"Sappling";"A";"22";"11"
"Sappling";"A";"22";"12"
"Sappling";"A";"22";"13"
"Sappling";"A";"22";"14"
"Sappling";"A";"22";"15"
"Sappling";"A";"22";"16"
"Sappling";"A";"22";"2"
"Sappling";"A";"22";"3"
"Sappling";"A";"22";"4"
"Sappling";"A";"22";"5"
"Sappling";"A";"22";"6"
"Sappling";"A";"22";"7"
"Sappling";"A";"22";"8"
"Sappling";"A";"22";"9"
"Sappling";"A";"23";"1"
"Sappling";"A";"23";"2"
"Sappling";"A";"23";"3"
"SEBA";"D";"3";"14"
"Sekieres No";"C";"17";"4"
"Sekieres No";"C";"17";"5"
"Sekieres No";"C";"17";"6"
"Sekieres No";"C";"17";"7"
"Semos Las Niñas";"D";"37";"5"
"Semos Las Niñas";"D";"37";"6"
"Semos Las Niñas";"D";"37";"7"
"Semos Las Niñas";"D";"37";"8"
"SendNoodles";"D";"33";"12"
"SendNoodles";"D";"33";"13"
"SendNoodles";"D";"33";"14"
"SendNoodles";"D";"33";"15"
"SendNoodles";"D";"33";"16"
"Seven Force Crew";"A";"15";"10"
"Seven Force Crew";"A";"15";"11"
"Seven Force Crew";"A";"15";"12"
"Seven Force Crew";"A";"15";"13"
"Seven Force Crew";"A";"15";"14"
"Seven Force Crew";"A";"15";"15"
"Seven Force Crew";"A";"15";"16"
"Seven Force Crew";"A";"15";"6"
"Seven Force Crew";"A";"15";"7"
"Seven Force Crew";"A";"15";"8"
"Seven Force Crew";"A";"15";"9"
"SGO eSports";"B";"4";"10"
"Silver Wolves";"A";"17";"1"
"Silver Wolves";"A";"17";"10"
"Silver Wolves";"A";"17";"11"
"Silver Wolves";"A";"17";"12"
"Silver Wolves";"A";"17";"13"
"Silver Wolves";"A";"17";"2"
"Silver Wolves";"A";"17";"3"
"Silver Wolves";"A";"17";"4"
"Silver Wolves";"A";"17";"5"
"Silver Wolves";"A";"17";"6"
"Silver Wolves";"A";"17";"7"
"Silver Wolves";"A";"17";"8"
"Silver Wolves";"A";"17";"9"
"Skol";"B";"11";"1"
"Skol";"B";"11";"10"
"Skol";"B";"11";"2"
"Skol";"B";"11";"3"
"Skol";"B";"11";"4"
"Skol";"B";"11";"5"
"Skol";"B";"11";"6"
"Skol";"B";"11";"7"
"Skol";"B";"11";"8"
"Skol";"B";"11";"9"
"Skol";"B";"12";"1"
"Skol";"B";"12";"2"
"Skol";"B";"12";"3"
"Skol";"B";"12";"4"
"Skol";"B";"12";"5"
"Skol";"B";"12";"6"
"Skol";"B";"12";"7"
"Skol";"B";"12";"8"
"Skol";"B";"12";"9"
"Spicy Pangartos";"A";"11";"1"
"Spicy Pangartos";"A";"11";"10"
"Spicy Pangartos";"A";"11";"11"
"Spicy Pangartos";"A";"11";"12"
"Spicy Pangartos";"A";"11";"13"
"Spicy Pangartos";"A";"11";"14"
"Spicy Pangartos";"A";"11";"2"
"Spicy Pangartos";"A";"11";"3"
"Spicy Pangartos";"A";"11";"4"
"Spicy Pangartos";"A";"11";"5"
"Spicy Pangartos";"A";"11";"6"
"Spicy Pangartos";"A";"11";"7"
"Spicy Pangartos";"A";"11";"8"
"Spicy Pangartos";"A";"11";"9"
"Squirrels in Flames";"A";"39";"5"
"Squirrels in Flames";"A";"39";"6"
"Squirrels in Flames";"A";"39";"7"
"Squirrels in Flames";"A";"39";"8"
"Star for Marta";"A";"39";"10"
"Star for Marta";"A";"39";"11"
"Star for Marta";"A";"39";"12"
"Star for Marta";"A";"39";"9"
"SUAH";"B";"7";"1"
"SUAH";"B";"7";"2"
"SUAH";"B";"7";"3"
"SUAH";"B";"7";"4"
"SUAH";"B";"7";"5"
"SUAH";"B";"7";"6"
"SUAH";"B";"7";"7"
"Sucios Monaguillos";"C";"12";"1"
"Sucios Monaguillos";"C";"12";"2"
"Sucios Monaguillos";"C";"12";"3"
"Sucios Monaguillos";"C";"12";"4"
"Sucios Monaguillos";"C";"12";"5"
"Sucios Monaguillos";"C";"12";"6"
"Sucios Monaguillos";"C";"12";"7"
"Taladro Percutor";"C";"34";"1"
"Taladro Percutor";"C";"34";"10"
"Taladro Percutor";"C";"34";"2"
"Taladro Percutor";"C";"34";"3"
"Taladro Percutor";"C";"34";"4"
"Taladro Percutor";"C";"34";"5"
"Taladro Percutor";"C";"34";"6"
"Taladro Percutor";"C";"34";"7"
"Taladro Percutor";"C";"34";"8"
"Taladro Percutor";"C";"34";"9"
"Taladro Percutor";"C";"35";"1"
"Taladro Percutor";"C";"35";"10"
"Taladro Percutor";"C";"35";"2"
"Taladro Percutor";"C";"35";"3"
"Taladro Percutor";"C";"35";"4"
"Taladro Percutor";"C";"35";"5"
"Taladro Percutor";"C";"35";"6"
"Taladro Percutor";"C";"35";"7"
"Taladro Percutor";"C";"35";"8"
"Taladro Percutor";"C";"35";"9"
"TDT";"C";"26";"10"
"TDT";"C";"26";"3"
"TDT";"C";"26";"4"
"TDT";"C";"26";"5"
"TDT";"C";"26";"6"
"TDT";"C";"26";"7"
"TDT";"C";"26";"8"
"TDT";"C";"26";"9"
"Team Calcetín";"A";"40";"10"
"Team Calcetín";"A";"40";"2"
"Team Calcetín";"A";"40";"3"
"Team Calcetín";"A";"40";"4"
"Team Calcetín";"A";"40";"5"
"Team Calcetín";"A";"40";"6"
"Team Calcetín";"A";"40";"7"
"Team Calcetín";"A";"40";"8"
"Team Calcetín";"A";"40";"9"
"Team Guachinche";"B";"6";"8"
"Team Solo Nigga";"D";"10";"1"
"Team Solo Nigga";"D";"10";"2"
"Team Solo Nigga";"D";"10";"3"
"Team Solo Nigga";"D";"10";"4"
"Team Solo Nigga";"D";"10";"5"
"Team Solo Nigga";"D";"9";"1"
"Team Solo Nigga";"D";"9";"10"
"Team Solo Nigga";"D";"9";"11"
"Team Solo Nigga";"D";"9";"12"
"Team Solo Nigga";"D";"9";"13"
"Team Solo Nigga";"D";"9";"14"
"Team Solo Nigga";"D";"9";"15"
"Team Solo Nigga";"D";"9";"16"
"Team Solo Nigga";"D";"9";"2"
"Team Solo Nigga";"D";"9";"3"
"Team Solo Nigga";"D";"9";"4"
"Team Solo Nigga";"D";"9";"5"
"Team Solo Nigga";"D";"9";"6"
"Team Solo Nigga";"D";"9";"7"
"Team Solo Nigga";"D";"9";"8"
"Team Solo Nigga";"D";"9";"9"
"TESTICLES";"D";"35";"10"
"TESTICLES";"D";"35";"11"
"TESTICLES";"D";"35";"12"
"TESTICLES";"D";"35";"13"
"TESTICLES";"D";"35";"14"
"TESTICLES";"D";"35";"15"
"TESTICLES";"D";"35";"16"
"TESTICLES";"D";"35";"9"
"The Bearded Princess";"A";"26";"1"
"The Bearded Princess";"A";"26";"10"
"The Bearded Princess";"A";"26";"11"
"The Bearded Princess";"A";"26";"12"
"The Bearded Princess";"A";"26";"13"
"The Bearded Princess";"A";"26";"14"
"The Bearded Princess";"A";"26";"15"
"The Bearded Princess";"A";"26";"2"
"The Bearded Princess";"A";"26";"3"
"The Bearded Princess";"A";"26";"4"
"The Bearded Princess";"A";"26";"5"
"The Bearded Princess";"A";"26";"6"
"The Bearded Princess";"A";"26";"7"
"The Bearded Princess";"A";"26";"8"
"The Bearded Princess";"A";"26";"9"
"The Bewitched";"D";"26";"13"
"The Bewitched";"D";"26";"14"
"The Chamopaquitos";"D";"37";"1"
"The Chamopaquitos";"D";"37";"2"
"The Chamopaquitos";"D";"37";"3"
"The Chamopaquitos";"D";"37";"4"
"The Last Enemy";"D";"26";"10"
"The Last Enemy";"D";"26";"11"
"The Last Enemy";"D";"26";"12"
"The Last Enemy";"D";"26";"7"
"The Last Enemy";"D";"26";"8"
"The Last Enemy";"D";"26";"9"
"The Sexual Theory";"D";"20";"1"
"The Sexual Theory";"D";"20";"10"
"The Sexual Theory";"D";"20";"11"
"The Sexual Theory";"D";"20";"12"
"The Sexual Theory";"D";"20";"13"
"The Sexual Theory";"D";"20";"14"
"The Sexual Theory";"D";"20";"2"
"The Sexual Theory";"D";"20";"3"
"The Sexual Theory";"D";"20";"4"
"The Sexual Theory";"D";"20";"5"
"The Sexual Theory";"D";"20";"6"
"The Sexual Theory";"D";"20";"7"
"The Sexual Theory";"D";"20";"8"
"The Sexual Theory";"D";"20";"9"
"The Sexual Theory";"D";"21";"1"
"The Sexual Theory";"D";"21";"10"
"The Sexual Theory";"D";"21";"11"
"The Sexual Theory";"D";"21";"12"
"The Sexual Theory";"D";"21";"13"
"The Sexual Theory";"D";"21";"14"
"The Sexual Theory";"D";"21";"2"
"The Sexual Theory";"D";"21";"3"
"The Sexual Theory";"D";"21";"4"
"The Sexual Theory";"D";"21";"5"
"The Sexual Theory";"D";"21";"6"
"The Sexual Theory";"D";"21";"7"
"The Sexual Theory";"D";"21";"8"
"The Sexual Theory";"D";"21";"9"
"The Sexual Theory";"D";"22";"1"
"The Sexual Theory";"D";"22";"10"
"The Sexual Theory";"D";"22";"11"
"The Sexual Theory";"D";"22";"12"
"The Sexual Theory";"D";"22";"13"
"The Sexual Theory";"D";"22";"14"
"The Sexual Theory";"D";"22";"2"
"The Sexual Theory";"D";"22";"3"
"The Sexual Theory";"D";"22";"4"
"The Sexual Theory";"D";"22";"5"
"The Sexual Theory";"D";"22";"6"
"The Sexual Theory";"D";"22";"7"
"The Sexual Theory";"D";"22";"8"
"The Sexual Theory";"D";"22";"9"
"TittoManu";"D";"3";"16"
"TLPercios";"D";"36";"1"
"TLPercios";"D";"36";"2"
"TLPercios";"D";"36";"3"
"TLPercios";"D";"36";"4"
"TLPercios";"D";"36";"5"
"TLPercios";"D";"36";"6"
"TNK";"B";"3";"10"
"TNK";"B";"3";"8"
"TNK";"B";"3";"9"
"TNX Team";"D";"30";"1"
"TNX Team";"D";"30";"2"
"TNX Team";"D";"30";"3"
"TNX Team";"D";"30";"4"
"TNX Team";"D";"30";"5"
"TNX Team";"D";"30";"6"
"TNX Team";"D";"30";"7"
"TNX Team";"D";"30";"8"
"Together Alone";"D";"27";"1"
"Together Alone";"D";"27";"10"
"Together Alone";"D";"27";"11"
"Together Alone";"D";"27";"12"
"Together Alone";"D";"27";"13"
"Together Alone";"D";"27";"14"
"Together Alone";"D";"27";"15"
"Together Alone";"D";"27";"16"
"Together Alone";"D";"27";"2"
"Together Alone";"D";"27";"3"
"Together Alone";"D";"27";"4"
"Together Alone";"D";"27";"5"
"Together Alone";"D";"27";"6"
"Together Alone";"D";"27";"7"
"Together Alone";"D";"27";"8"
"Together Alone";"D";"27";"9"
"Together Alone";"D";"28";"1"
"Together Alone";"D";"28";"10"
"Together Alone";"D";"28";"11"
"Together Alone";"D";"28";"12"
"Together Alone";"D";"28";"13"
"Together Alone";"D";"28";"14"
"Together Alone";"D";"28";"15"
"Together Alone";"D";"28";"16"
"Together Alone";"D";"28";"2"
"Together Alone";"D";"28";"3"
"Together Alone";"D";"28";"4"
"Together Alone";"D";"28";"5"
"Together Alone";"D";"28";"6"
"Together Alone";"D";"28";"7"
"Together Alone";"D";"28";"8"
"Together Alone";"D";"28";"9"
"Together Alone";"D";"29";"10"
"Together Alone";"D";"29";"11"
"Together Alone";"D";"29";"12"
"Together Alone";"D";"29";"13"
"Together Alone";"D";"29";"14"
"Together Alone";"D";"29";"15"
"Together Alone";"D";"29";"16"
"Together Alone";"D";"29";"7"
"Together Alone";"D";"29";"8"
"Together Alone";"D";"29";"9"
"Tolete Gaming";"B";"3";"1"
"Tolete Gaming";"B";"3";"2"
"Tolete Gaming";"B";"3";"3"
"Tolete Gaming";"B";"3";"4"
"Tolete Gaming";"B";"3";"5"
"Tolete Gaming";"B";"3";"6"
"Tolete Gaming";"B";"3";"7"
"TopSpain";"C";"28";"10"
"TopSpain";"C";"28";"9"
"TopSpain";"C";"29";"1"
"TopSpain";"C";"29";"10"
"TopSpain";"C";"29";"2"
"TopSpain";"C";"29";"3"
"TopSpain";"C";"29";"4"
"TopSpain";"C";"29";"5"
"TopSpain";"C";"29";"6"
"TopSpain";"C";"29";"7"
"TopSpain";"C";"29";"8"
"TopSpain";"C";"29";"9"
"Totally Spies";"C";"3";"10"
"Totally Spies";"C";"3";"9"
"TOTALPROS";"A";"5";"1"
"TOTALPROS";"A";"5";"10"
"TOTALPROS";"A";"5";"11"
"TOTALPROS";"A";"5";"12"
"TOTALPROS";"A";"5";"13"
"TOTALPROS";"A";"5";"14"
"TOTALPROS";"A";"5";"15"
"TOTALPROS";"A";"5";"16"
"TOTALPROS";"A";"5";"2"
"TOTALPROS";"A";"5";"3"
"TOTALPROS";"A";"5";"4"
"TOTALPROS";"A";"5";"5"
"TOTALPROS";"A";"5";"6"
"TOTALPROS";"A";"5";"7"
"TOTALPROS";"A";"5";"8"
"TOTALPROS";"A";"5";"9"
"TOTALPROS";"A";"6";"1"
"TOTALPROS";"A";"6";"2"
"TOTALPROS";"A";"6";"3"
"TOTALPROS";"A";"6";"4"
"TOTALPROS";"A";"6";"5"
"TOTALPROS";"A";"6";"6"
"TRAMASCANARIAS";"A";"28";"10"
"TRAMASCANARIAS";"A";"28";"11"
"TRAMASCANARIAS";"A";"28";"12"
"TRAMASCANARIAS";"A";"28";"13"
"TRAMASCANARIAS";"A";"28";"14"
"TRAMASCANARIAS";"A";"28";"15"
"TRAMASCANARIAS";"A";"28";"16"
"TRAMASCANARIAS";"A";"28";"7"
"TRAMASCANARIAS";"A";"28";"8"
"TRAMASCANARIAS";"A";"28";"9"
"TRVE";"D";"29";"1"
"TRVE";"D";"29";"2"
"TRVE";"D";"29";"3"
"TRVE";"D";"29";"4"
"TRVE";"D";"29";"5"
"TryForce";"C";"6";"10"
"TryForce";"C";"6";"4"
"TryForce";"C";"6";"5"
"TryForce";"C";"6";"6"
"TryForce";"C";"6";"7"
"TryForce";"C";"6";"8"
"TryForce";"C";"6";"9"
"Tuky Senpai";"C";"4";"8"
"U*DV=U*V-S*V*DU";"A";"6";"7"
"U*DV=U*V-S*V*DU";"A";"6";"8"
"U*DV=U*V-S*V*DU";"A";"6";"9"
"Ugandan Trash Squad";"C";"3";"1"
"Ugandan Trash Squad";"C";"3";"2"
"Ugandan Trash Squad";"C";"3";"3"
"Ugandan Trash Squad";"C";"3";"4"
"Ugandan Trash Squad";"C";"3";"5"
"Ugandan Trash Squad";"C";"3";"6"
"Última Amazonas";"D";"32";"12"
"Última Amazonas";"D";"32";"13"
"Última Amazonas";"D";"32";"14"
"Última Amazonas";"D";"32";"15"
"Última Amazonas";"D";"32";"16"
"Vamos 12!!";"D";"26";"15"
"Vamos 12!!";"D";"26";"16"
"#vamosrosi";"B";"2";"10"
"#vamosrosi";"B";"2";"7"
"#vamosrosi";"B";"2";"8"
"#vamosrosi";"B";"2";"9"
"Venadojorafa";"A";"4";"15"
"Venadojorafa";"A";"4";"16"
"VicioSouls";"C";"10";"10"
"VicioSouls";"C";"10";"9"
"Voluntarios";"B";"16";"1"
"Voluntarios";"B";"16";"10"
"Voluntarios";"B";"16";"2"
"Voluntarios";"B";"16";"3"
"Voluntarios";"B";"16";"4"
"Voluntarios";"B";"16";"5"
"Voluntarios";"B";"16";"6"
"Voluntarios";"B";"16";"7"
"Voluntarios";"B";"16";"8"
"Voluntarios";"B";"16";"9"
"Voluntarios";"B";"17";"1"
"Voluntarios";"B";"17";"10"
"Voluntarios";"B";"17";"2"
"Voluntarios";"B";"17";"3"
"Voluntarios";"B";"17";"4"
"Voluntarios";"B";"17";"5"
"Voluntarios";"B";"17";"6"
"Voluntarios";"B";"17";"7"
"Voluntarios";"B";"17";"8"
"Voluntarios";"B";"17";"9"
"Voluntarios";"B";"18";"1"
"Voluntarios";"B";"18";"2"
"Voluntarios";"B";"18";"3"
"Voluntarios";"B";"18";"4"
"Voluntarios";"B";"18";"5"
"Voluntarios";"B";"18";"6"
"Voluntarios";"B";"18";"7"
"Voluntarios";"B";"18";"8"
"Voluntarios";"B";"19";"1"
"Voluntarios";"B";"19";"2"
"Voluntarios";"B";"19";"3"
"Voluntarios";"B";"19";"4"
"Voluntarios";"B";"19";"5"
"Voluntarios";"B";"19";"6"
"Voluntarios";"B";"19";"7"
"Voluntarios";"B";"19";"8"
"Voluntarios";"B";"20";"1"
"Voluntarios";"B";"20";"2"
"Voluntarios";"B";"20";"3"
"Voluntarios";"B";"20";"4"
"Voluntarios";"B";"20";"5"
"Voluntarios";"B";"20";"6"
"Voluntarios";"B";"20";"7"
"Voluntarios";"B";"20";"8"
"Voluntarios";"B";"21";"1"
"Voluntarios";"B";"21";"10"
"Voluntarios";"B";"21";"2"
"Voluntarios";"B";"21";"3"
"Voluntarios";"B";"21";"4"
"Voluntarios";"B";"21";"5"
"Voluntarios";"B";"21";"6"
"Voluntarios";"B";"21";"7"
"Voluntarios";"B";"21";"8"
"Voluntarios";"B";"21";"9"
"Voluntarios";"B";"22";"1"
"Voluntarios";"B";"22";"10"
"Voluntarios";"B";"22";"2"
"Voluntarios";"B";"22";"3"
"Voluntarios";"B";"22";"4"
"Voluntarios";"B";"22";"5"
"Voluntarios";"B";"22";"6"
"Voluntarios";"B";"22";"7"
"Voluntarios";"B";"22";"8"
"Voluntarios";"B";"22";"9"
"Voluntarios";"B";"23";"1"
"Voluntarios";"B";"23";"10"
"Voluntarios";"B";"23";"2"
"Voluntarios";"B";"23";"3"
"Voluntarios";"B";"23";"4"
"Voluntarios";"B";"23";"5"
"Voluntarios";"B";"23";"6"
"Voluntarios";"B";"23";"7"
"Voluntarios";"B";"23";"8"
"Voluntarios";"B";"23";"9"
"Voluntarios";"B";"24";"1"
"Voluntarios";"B";"24";"10"
"Voluntarios";"B";"24";"2"
"Voluntarios";"B";"24";"3"
"Voluntarios";"B";"24";"4"
"Voluntarios";"B";"24";"5"
"Voluntarios";"B";"24";"6"
"Voluntarios";"B";"24";"7"
"Voluntarios";"B";"24";"8"
"Voluntarios";"B";"24";"9"
"Voluntarios";"B";"25";"1"
"Voluntarios";"B";"25";"10"
"Voluntarios";"B";"25";"2"
"Voluntarios";"B";"25";"3"
"Voluntarios";"B";"25";"4"
"Voluntarios";"B";"25";"5"
"Voluntarios";"B";"25";"6"
"Voluntarios";"B";"25";"7"
"Voluntarios";"B";"25";"8"
"Voluntarios";"B";"25";"9"
"Voluntarios";"B";"26";"1"
"Voluntarios";"B";"26";"10"
"Voluntarios";"B";"26";"2"
"Voluntarios";"B";"26";"3"
"Voluntarios";"B";"26";"4"
"Voluntarios";"B";"26";"5"
"Voluntarios";"B";"26";"6"
"Voluntarios";"B";"26";"7"
"Voluntarios";"B";"26";"8"
"Voluntarios";"B";"26";"9"
"Voluntarios";"B";"27";"1"
"Voluntarios";"B";"27";"10"
"Voluntarios";"B";"27";"2"
"Voluntarios";"B";"27";"3"
"Voluntarios";"B";"27";"4"
"Voluntarios";"B";"27";"5"
"Voluntarios";"B";"27";"6"
"Voluntarios";"B";"27";"7"
"Voluntarios";"B";"27";"8"
"Voluntarios";"B";"27";"9"
"Voluntarios";"B";"28";"1"
"Voluntarios";"B";"28";"10"
"Voluntarios";"B";"28";"2"
"Voluntarios";"B";"28";"3"
"Voluntarios";"B";"28";"4"
"Voluntarios";"B";"28";"5"
"Voluntarios";"B";"28";"6"
"Voluntarios";"B";"28";"7"
"Voluntarios";"B";"28";"8"
"Voluntarios";"B";"28";"9"
"Whale Gaming";"B";"35";"1"
"Whale Gaming";"B";"35";"2"
"Whale Gaming";"B";"35";"3"
"Whale Gaming";"B";"35";"4"
"Whale Gaming";"B";"35";"5"
"Whale Gaming";"B";"35";"6"
"White Minds";"A";"30";"1"
"White Minds";"A";"30";"10"
"White Minds";"A";"30";"11"
"White Minds";"A";"30";"12"
"White Minds";"A";"30";"13"
"White Minds";"A";"30";"14"
"White Minds";"A";"30";"15"
"White Minds";"A";"30";"16"
"White Minds";"A";"30";"2"
"White Minds";"A";"30";"3"
"White Minds";"A";"30";"4"
"White Minds";"A";"30";"5"
"White Minds";"A";"30";"6"
"White Minds";"A";"30";"7"
"White Minds";"A";"30";"8"
"White Minds";"A";"30";"9"
"White Minds";"A";"31";"1"
"White Minds";"A";"31";"2"
"White Minds";"A";"31";"3"
"White Minds";"A";"31";"4"
"White Minds";"A";"31";"5"
"WhiteRunners";"B";"34";"10"
"WhiteRunners";"B";"34";"2"
"WhiteRunners";"B";"34";"3"
"WhiteRunners";"B";"34";"4"
"WhiteRunners";"B";"34";"5"
"WhiteRunners";"B";"34";"6"
"WhiteRunners";"B";"34";"7"
"WhiteRunners";"B";"34";"8"
"WhiteRunners";"B";"34";"9"
"WhiteRunners";"B";"35";"10"
"WhiteRunners";"B";"35";"7"
"WhiteRunners";"B";"35";"8"
"WhiteRunners";"B";"35";"9"
"Wildhogs";"A";"1";"1"
"Wildhogs";"A";"1";"2"
"Wildhogs";"A";"1";"3"
"Wildhogs";"A";"1";"4"
"Wildhogs";"A";"1";"5"
"Wolves Warriors";"C";"11";"1"
"Wolves Warriors";"C";"11";"2"
"Wolves Warriors";"C";"11";"3"
"Wolves Warriors";"C";"11";"4"
"Wolves Warriors";"C";"11";"5"
"Wolves Warriors";"C";"11";"6"
"Worship The Fallen";"B";"6";"9"
"Wyvern";"C";"24";"1"
"Wyvern";"C";"24";"2"
"Yah_itzá";"C";"4";"9"
"YOGURINES";"A";"17";"14"
"YOGURINES";"A";"17";"15"
"YOGURINES";"A";"17";"16"
"Yomi";"B";"10";"9"
"Yonks";"D";"3";"1"
"Yonks";"D";"3";"10"
"Yonks";"D";"3";"11"
"Yonks";"D";"3";"12"
"Yonks";"D";"3";"2"
"Yonks";"D";"3";"3"
"Yonks";"D";"3";"4"
"Yonks";"D";"3";"5"
"Yonks";"D";"3";"6"
"Yonks";"D";"3";"7"
"Yonks";"D";"3";"8"
"Yonks";"D";"3";"9"
"Zapacande";"B";"30";"10"
"Zapacande";"B";"30";"8"
"Zapacande";"B";"30";"9"
"ZuiZidaZ";"B";"39";"1"
"ZuiZidaZ";"B";"39";"10"
"ZuiZidaZ";"B";"39";"2"
"ZuiZidaZ";"B";"39";"3"
"ZuiZidaZ";"B";"39";"4"
"ZuiZidaZ";"B";"39";"5"
"ZuiZidaZ";"B";"39";"6"
"ZuiZidaZ";"B";"39";"7"
"ZuiZidaZ";"B";"39";"8"
"ZuiZidaZ";"B";"39";"9"
